INSERT INTO sem_batch(sem, batch, batch_id) VALUES(1,'A','1A');
INSERT INTO sem_batch(sem, batch, batch_id) VALUES(1,'B','1B');
INSERT INTO sem_batch(sem, batch, batch_id) VALUES(1,'C','1C');
INSERT INTO sem_batch(sem, batch, batch_id) VALUES(1,'D','1D');
INSERT INTO sem_batch(sem, batch, batch_id) VALUES(1,'E','1E');
INSERT INTO sem_batch(sem, batch, batch_id) VALUES(1,'F','1F');
INSERT INTO sem_batch(sem, batch, batch_id) VALUES(2,'A','2A');
INSERT INTO sem_batch(sem, batch, batch_id) VALUES(2,'B','2B');
INSERT INTO sem_batch(sem, batch, batch_id) VALUES(2,'C','2C');
INSERT INTO sem_batch(sem, batch, batch_id) VALUES(2,'D','2D');
INSERT INTO sem_batch(sem, batch, batch_id) VALUES(2,'E','2E');
INSERT INTO sem_batch(sem, batch, batch_id) VALUES(2,'F','2F');
INSERT INTO sem_batch(sem, batch, batch_id) VALUES(3,'A','3A');
INSERT INTO sem_batch(sem, batch, batch_id) VALUES(3,'B','3B');
INSERT INTO sem_batch(sem, batch, batch_id) VALUES(3,'C','3C');
INSERT INTO sem_batch(sem, batch, batch_id) VALUES(3,'D','3D');
INSERT INTO sem_batch(sem, batch, batch_id) VALUES(3,'E','3E');
INSERT INTO sem_batch(sem, batch, batch_id) VALUES(3,'F','3F');
INSERT INTO sem_batch(sem, batch, batch_id) VALUES(4,'A','4A');
INSERT INTO sem_batch(sem, batch, batch_id) VALUES(4,'B','4B');
INSERT INTO sem_batch(sem, batch, batch_id) VALUES(4,'C','4C');
INSERT INTO sem_batch(sem, batch, batch_id) VALUES(4,'D','4D');
INSERT INTO sem_batch(sem, batch, batch_id) VALUES(4,'E','4E');
INSERT INTO sem_batch(sem, batch, batch_id) VALUES(4,'F','4F');
INSERT INTO sem_batch(sem, batch, batch_id) VALUES(5,'A','5A');
INSERT INTO sem_batch(sem, batch, batch_id) VALUES(5,'B','5B');
INSERT INTO sem_batch(sem, batch, batch_id) VALUES(5,'C','5C');
INSERT INTO sem_batch(sem, batch, batch_id) VALUES(5,'D','5D');
INSERT INTO SEM_BATCH(SEM, BATCH, BATCH_ID) VALUES(5,'E','5E');
INSERT INTO SEM_BATCH(SEM, BATCH, BATCH_ID) VALUES(5,'F','5F');
INSERT INTO SEM_BATCH(SEM, BATCH, BATCH_ID) VALUES(6,'A','6A');
INSERT INTO SEM_BATCH(SEM, BATCH, BATCH_ID) VALUES(6,'B','6B');
INSERT INTO SEM_BATCH(SEM, BATCH, BATCH_ID) VALUES(6,'C','6C');
INSERT INTO SEM_BATCH(SEM, BATCH, BATCH_ID) VALUES(6,'D','6D');
INSERT INTO SEM_BATCH(SEM, BATCH, BATCH_ID) VALUES(6,'E','6E');
INSERT INTO SEM_BATCH(SEM, BATCH, BATCH_ID) VALUES(6,'F','6F');
INSERT INTO SEM_BATCH(SEM, BATCH, BATCH_ID) VALUES(7,'A','7A');
INSERT INTO SEM_BATCH(SEM, BATCH, BATCH_ID) VALUES(7,'B','7B');
INSERT INTO SEM_BATCH(SEM, BATCH, BATCH_ID) VALUES(7,'C','7C');
INSERT INTO SEM_BATCH(SEM, BATCH, BATCH_ID) VALUES(7,'D','7D');
INSERT INTO SEM_BATCH(SEM, BATCH, BATCH_ID) VALUES(7,'E','7E');
INSERT INTO SEM_BATCH(SEM, BATCH, BATCH_ID) VALUES(7,'F','7F');
INSERT INTO SEM_BATCH(SEM, BATCH, BATCH_ID) VALUES(8,'A','8A');
INSERT INTO SEM_BATCH(SEM, BATCH, BATCH_ID) VALUES(8,'B','8B');
INSERT INTO SEM_BATCH(SEM, BATCH, BATCH_ID) VALUES(8,'C','8C');
INSERT INTO SEM_BATCH(SEM, BATCH, BATCH_ID) VALUES(8,'D','8D');
INSERT INTO SEM_BATCH(SEM, BATCH, BATCH_ID) VALUES(8,'E','8E');
INSERT INTO SEM_BATCH(SEM, BATCH, BATCH_ID) VALUES(8,'F','8F');

commit;

INSERT INTO SLOT_MAP VALUES('MON','10-12',11);
INSERT INTO SLOT_MAP VALUES('MON','12.30-2.30',12);
INSERT INTO SLOT_MAP VALUES('MON','2.45-4.45',13);
INSERT INTO SLOT_MAP VALUES('TUE','10-12',21);
INSERT INTO SLOT_MAP VALUES('TUE','12.30-2.30',22);
INSERT INTO SLOT_MAP VALUES('TUE','2.45-4.45',23);
INSERT INTO SLOT_MAP VALUES('WED','10-12',31);
INSERT INTO SLOT_MAP VALUES('WED','12.30-2.30',32);
INSERT INTO SLOT_MAP VALUES('WED','2.45-4.45',33);
INSERT INTO SLOT_MAP VALUES('THU','10-12',41);
INSERT INTO SLOT_MAP VALUES('THU','12.30-2.30',42);
INSERT INTO SLOT_MAP VALUES('THU','2.45-4.45',43);
INSERT INTO SLOT_MAP VALUES('FRI','10-12',51);
INSERT INTO SLOT_MAP VALUES('FRI','12.30-2.30',52);
INSERT INTO SLOT_MAP VALUES('FRI','2.45-4.45',53);
INSERT INTO SLOT_MAP VALUES('SAT','10-12',61);
INSERT INTO SLOT_MAP VALUES('SAT','12.30-2.30',62);
INSERT INTO SLOT_MAP VALUES('SAT','2.45-4.45',63);

commit;

INSERT INTO SUB_DETAIL(SUB_ID, SUB_NM, SEM) VALUES(180701,'Distributed Systems',8);
INSERT INTO SUB_DETAIL(SUB_ID, SUB_NM, SEM) VALUES(180702,'Parallel Processing',8);
INSERT INTO SUB_DETAIL(SUB_ID, SUB_NM, SEM) VALUES(180703,'Artificial Intelligence',8);
INSERT INTO SUB_DETAIL(SUB_ID, SUB_NM, SEM) VALUES(180706,'Project II',8);
INSERT INTO SUB_DETAIL(SUB_ID, SUB_NM, SEM) VALUES(170701,'Compiler Design',7);
INSERT INTO SUB_DETAIL(SUB_ID, SUB_NM, SEM) VALUES(170702,'Mobile Computing',7);
INSERT INTO SUB_DETAIL(SUB_ID, SUB_NM, SEM) VALUES(170703,'Advance Java Technology',7);
INSERT INTO SUB_DETAIL(SUB_ID, SUB_NM, SEM) VALUES(170704,'Advance Computing Technology',7);
INSERT INTO SUB_DETAIL(SUB_ID, SUB_NM, SEM) VALUES(170705,'Embedded Technology (Department Elective - I)',7);
INSERT INTO SUB_DETAIL(SUB_ID, SUB_NM, SEM) VALUES(170706,'Computer Signal Processing (Department Elective - I)',7);
INSERT INTO SUB_DETAIL(SUB_ID, SUB_NM, SEM) VALUES(170707,'Advance .Net Technology (Department Elective - I)',7);
INSERT INTO SUB_DETAIL(SUB_ID, SUB_NM, SEM) VALUES(170001,'Project I',7);
INSERT INTO SUB_DETAIL(SUB_ID, SUB_NM, SEM) VALUES(160701,'Software Enginerring',6);
INSERT INTO SUB_DETAIL(SUB_ID, SUB_NM, SEM) VALUES(160702,'Information Security',6);
INSERT INTO SUB_DETAIL(SUB_ID, SUB_NM, SEM) VALUES(160703,'Computer Graphics',6);
INSERT INTO SUB_DETAIL(SUB_ID, SUB_NM, SEM) VALUES(160704,'Theory Of Computation',6);
INSERT INTO SUB_DETAIL(SUB_ID, SUB_NM, SEM) VALUES(160705,'Web Application Development',6);
INSERT INTO SUB_DETAIL(SUB_ID, SUB_NM, SEM) VALUES(160706,'System Programming',6);
INSERT INTO SUB_DETAIL(SUB_ID, SUB_NM, SEM) VALUES(150701,'Management - II',5);
INSERT INTO SUB_DETAIL(SUB_ID, SUB_NM, SEM) VALUES(150702,'Advance Processors',5);
INSERT INTO SUB_DETAIL(SUB_ID, SUB_NM, SEM) VALUES(150703,'Computer Network',5);
INSERT INTO SUB_DETAIL(SUB_ID, SUB_NM, SEM) VALUES(150704,'Design and Analysis of Algorithms',5);
INSERT INTO SUB_DETAIL(SUB_ID, SUB_NM, SEM) VALUES(150705,'Object Oriented Programming With Java',5);
INSERT INTO SUB_DETAIL(SUB_ID, SUB_NM, SEM) VALUES(150006,'Applied Electronics (Institute Elective - II)',5);
INSERT INTO SUB_DETAIL(SUB_ID, SUB_NM, SEM) VALUES(140001,'Mathematics-4',4);
INSERT INTO SUB_DETAIL(SUB_ID, SUB_NM, SEM) VALUES(140002,'Management-1',4);
INSERT INTO SUB_DETAIL(SUB_ID, SUB_NM, SEM) VALUES(140701,'Microprocessor And Interfacing',4);
INSERT INTO SUB_DETAIL(SUB_ID, SUB_NM, SEM) VALUES(140703,'Object Oreinted Analysis Design And Uml',4);
INSERT INTO SUB_DETAIL(SUB_ID, SUB_NM, SEM) VALUES(140702,'Operating System',4);
INSERT INTO SUB_DETAIL(SUB_ID, SUB_NM, SEM) VALUES(141102,'Institute Elective-1(Communication Engineering)',4);
INSERT INTO SUB_DETAIL(SUB_ID, SUB_NM, SEM) VALUES(130704,'COMPUTER ORGANIZATION AND ARCHITECTURE',3);
INSERT INTO SUB_DETAIL(SUB_ID, SUB_NM, SEM) VALUES(130702,'DATA AND FILE STRUCTURE',3);
INSERT INTO SUB_DETAIL(SUB_ID, SUB_NM, SEM) VALUES(130701,'DIGITAL LOGIC DESIGN',3);
INSERT INTO SUB_DETAIL(SUB_ID, SUB_NM, SEM) VALUES(130703,'DATABASE MANAGEMENT SYSTEM',3);
INSERT INTO SUB_DETAIL(SUB_ID, SUB_NM, SEM) VALUES(131101,'BASIC ELECTRONICS',3);
INSERT INTO SUB_DETAIL(SUB_ID, SUB_NM, SEM) VALUES(130001,'MATHEMATICS-3',3);
INSERT INTO SUB_DETAIL(SUB_ID, SUB_NM, SEM) VALUES(110004,'ELEMENTS OF CIVIL ENGINEERING',2);
INSERT INTO SUB_DETAIL(SUB_ID, SUB_NM, SEM) VALUES(110005,'ELEMENTS OF ELECTRICAL ENGINEERING',2);
INSERT INTO SUB_DETAIL(SUB_ID, SUB_NM, SEM) VALUES(110006,'ELEMENTS OF MECHANICAL ENGINEERING',2);
INSERT INTO SUB_DETAIL(SUB_ID, SUB_NM, SEM) VALUES(110015,'VECTOR CALCULUS AND LINEAR ALGEBRA',2);
INSERT INTO SUB_DETAIL(SUB_ID, SUB_NM, SEM) VALUES(110007,'ENVIRONMENTAL STUDIES',2);
INSERT INTO SUB_DETAIL(SUB_ID, SUB_NM, SEM) VALUES(110012,'WORKSHOP',2);
INSERT INTO SUB_DETAIL(SUB_ID, SUB_NM, SEM) VALUES(110002,'COMMUNICATION SKILLS',1);
INSERT INTO SUB_DETAIL(SUB_ID, SUB_NM, SEM) VALUES(110003,'COMPUTER PROGRAMMING AND UTILIZATION',1);
INSERT INTO SUB_DETAIL(SUB_ID, SUB_NM, SEM) VALUES(110010,'MECHANICS OF SOLIDS',1);
INSERT INTO SUB_DETAIL(SUB_ID, SUB_NM, SEM) VALUES(110013,'ENGINEERING GRAPHICS',1);
INSERT INTO SUB_DETAIL(SUB_ID, SUB_NM, SEM) VALUES(110011,'PHYSICS',1);
INSERT INTO SUB_DETAIL(SUB_ID, SUB_NM, SEM) VALUES(110014,'CALCULUS',1);
INSERT INTO SUB_DETAIL(SUB_ID, SUB_NM, SEM) VALUES(110001,'CHEMISTRY',1);

commit;

INSERT INTO STUDENT_DETAIL VALUES (080410107001, 12312312, '8A');
INSERT INTO STUDENT_DETAIL VALUES (080410107006, 12312313, '8A');
INSERT INTO STUDENT_DETAIL VALUES (080410107024, 12312314, '8B');

commit;

INSERT INTO LAB_TT VALUES('F1',12,140702,'4F');
INSERT INTO LAB_TT VALUES('F1',21,160706,'6A');
INSERT INTO LAB_TT VALUES('F1',23,160706,'6D');
INSERT INTO LAB_TT VALUES('F1',32,160706,'6E');
INSERT INTO LAB_TT VALUES('F1',33,160702,'6C');
INSERT INTO LAB_TT VALUES('F1',41,180703,'8F');
INSERT INTO LAB_TT VALUES('F1',52,160706,'6B');
INSERT INTO LAB_TT VALUES('F1',53,160706,'6F');
INSERT INTO LAB_TT VALUES('F2',12,140702,'4A');
INSERT INTO LAB_TT VALUES('F2',22,140702,'4C');
INSERT INTO LAB_TT VALUES('F2',23,160701,'6F');
INSERT INTO LAB_TT VALUES('F2',32,180703,'8E');
INSERT INTO LAB_TT VALUES('F2',33,180701,'8A');
INSERT INTO LAB_TT VALUES('F2',41,180701,'8B');
INSERT INTO LAB_TT VALUES('F2',42,140702,'4D');
INSERT INTO LAB_TT VALUES('F2',51,180701,'8C');
INSERT INTO LAB_TT VALUES('F2',52,160706,'6C');
INSERT INTO LAB_TT VALUES('F2',62,140702,'4B');
INSERT INTO LAB_TT VALUES('F3',12,160702,'6F');
INSERT INTO LAB_TT VALUES('F3',21,160702,'6B');
INSERT INTO LAB_TT VALUES('F3',23,160703,'6E');
INSERT INTO LAB_TT VALUES('F3',31,160702,'6D');
INSERT INTO LAB_TT VALUES('F3',32,180703,'8E');
INSERT INTO LAB_TT VALUES('F3',33,180703,'8B');
INSERT INTO LAB_TT VALUES('F3',41,180703,'8C');
INSERT INTO LAB_TT VALUES('F3',51,180703,'8A');
INSERT INTO LAB_TT VALUES('F3',53,160702,'6E');
INSERT INTO LAB_TT VALUES('F3',62,140702,'4E');
INSERT INTO LAB_TT VALUES('F4',11,160706,'6B');
INSERT INTO LAB_TT VALUES('F4',21,160706,'6C');
INSERT INTO LAB_TT VALUES('F4',22,140703,'4D');
INSERT INTO LAB_TT VALUES('F4',23,160706,'6A');
INSERT INTO LAB_TT VALUES('F4',31,160706,'6E');
INSERT INTO LAB_TT VALUES('F4',32,160706,'6D');
INSERT INTO LAB_TT VALUES('F4',33,160702,'6A');
INSERT INTO LAB_TT VALUES('F4',41,180701,'8D');
INSERT INTO LAB_TT VALUES('F4',53,180701,'8E');
INSERT INTO LAB_TT VALUES('F5',12,140703,'4E');
INSERT INTO LAB_TT VALUES('F5',21,140703,'4C');
INSERT INTO LAB_TT VALUES('F5',22,140703,'4B');
INSERT INTO LAB_TT VALUES('F5',23,160703,'6C');
INSERT INTO LAB_TT VALUES('F5',41,180702,'8E');
INSERT INTO LAB_TT VALUES('F5',42,140703,'4A');
INSERT INTO LAB_TT VALUES('F5',52,140703,'4F');
INSERT INTO LAB_TT VALUES('F5',53,180702,'8F');
INSERT INTO LAB_TT VALUES('F6',11,160703,'6A');
INSERT INTO LAB_TT VALUES('F6',12,160703,'6D');
INSERT INTO LAB_TT VALUES('F6',23,160703,'6B');
INSERT INTO LAB_TT VALUES('F6',31,160703,'6F');
INSERT INTO LAB_TT VALUES('F6',32,180701,'8F');
INSERT INTO LAB_TT VALUES('F6',33,180702,'8C');
INSERT INTO LAB_TT VALUES('F6',41,180702,'8A');
INSERT INTO LAB_TT VALUES('F6',51,180702,'8B');
INSERT INTO LAB_TT VALUES('F6',53,180702,'8D');

commit;

INSERT INTO BATCH_WKDAY (BATCH_ID,SUB_ID) VALUES('8A',180702);
INSERT INTO BATCH_WKDAY (BATCH_ID,SUB_ID) VALUES('8A',180702);
INSERT INTO BATCH_WKDAY (BATCH_ID,SUB_ID) VALUES('8A',180702);
INSERT INTO BATCH_WKDAY (BATCH_ID,SUB_ID) VALUES('8A',180702);
INSERT INTO BATCH_WKDAY (BATCH_ID,SUB_ID) VALUES('8A',180702);
INSERT INTO BATCH_WKDAY (BATCH_ID,SUB_ID) VALUES('8A',180702);
INSERT INTO BATCH_WKDAY (BATCH_ID,SUB_ID) VALUES('8B',180702);
INSERT INTO BATCH_WKDAY (BATCH_ID,SUB_ID) VALUES('8B',180702);
INSERT INTO BATCH_WKDAY (BATCH_ID,SUB_ID) VALUES('8B',180702);
INSERT INTO BATCH_WKDAY (BATCH_ID,SUB_ID) VALUES('8B',180702);
INSERT INTO BATCH_WKDAY (BATCH_ID,SUB_ID) VALUES('8B',180702);
INSERT INTO BATCH_WKDAY (BATCH_ID,SUB_ID) VALUES('8B',180701);
INSERT INTO BATCH_WKDAY (BATCH_ID,SUB_ID) VALUES('8B',180701);
INSERT INTO BATCH_WKDAY (BATCH_ID,SUB_ID) VALUES('8B',180701);
INSERT INTO BATCH_WKDAY (BATCH_ID,SUB_ID) VALUES('8B',180701);
INSERT INTO BATCH_WKDAY (BATCH_ID,SUB_ID) VALUES('8B',180701);
INSERT INTO BATCH_WKDAY (BATCH_ID,SUB_ID) VALUES('8B',180701);
INSERT INTO BATCH_WKDAY (BATCH_ID,SUB_ID) VALUES('8A',180701);
INSERT INTO BATCH_WKDAY (BATCH_ID,SUB_ID) VALUES('8A',180701);
INSERT INTO BATCH_WKDAY (BATCH_ID,SUB_ID) VALUES('8A',180701);
INSERT INTO BATCH_WKDAY (BATCH_ID,SUB_ID) VALUES('8A',180701);
INSERT INTO BATCH_WKDAY (BATCH_ID,SUB_ID) VALUES('8A',180701);
INSERT INTO BATCH_WKDAY (BATCH_ID,SUB_ID) VALUES('8A',180703);
INSERT INTO BATCH_WKDAY (BATCH_ID,SUB_ID) VALUES('8A',180703);
INSERT INTO BATCH_WKDAY (BATCH_ID,SUB_ID) VALUES('8A',180703);
INSERT INTO BATCH_WKDAY (BATCH_ID,SUB_ID) VALUES('8A',180703);
INSERT INTO BATCH_WKDAY (BATCH_ID,SUB_ID) VALUES('8A',180703);
INSERT INTO BATCH_WKDAY (BATCH_ID,SUB_ID) VALUES('8A',180703);
INSERT INTO BATCH_WKDAY (BATCH_ID,SUB_ID) VALUES('8B',180703);
INSERT INTO BATCH_WKDAY (BATCH_ID,SUB_ID) VALUES('8B',180703);
INSERT INTO BATCH_WKDAY (BATCH_ID,SUB_ID) VALUES('8B',180703);
INSERT INTO BATCH_WKDAY (BATCH_ID,SUB_ID) VALUES('8B',180703);
INSERT INTO BATCH_WKDAY (BATCH_ID,SUB_ID) VALUES('8B',180703);
INSERT INTO BATCH_WKDAY (BATCH_ID,SUB_ID) VALUES('8B',180703);

commit;

INSERT INTO ATTENDANCE (STD_ID,SUB_ID) VALUES(080410107024,180701);
INSERT INTO ATTENDANCE (STD_ID,SUB_ID) VALUES(080410107024,180701);
INSERT INTO ATTENDANCE (STD_ID,SUB_ID) VALUES(080410107024,180701);
INSERT INTO ATTENDANCE (STD_ID,SUB_ID) VALUES(080410107024,180702);
INSERT INTO ATTENDANCE (STD_ID,SUB_ID) VALUES(080410107024,180702);
INSERT INTO ATTENDANCE (STD_ID,SUB_ID) VALUES(080410107024,180702);
INSERT INTO ATTENDANCE (STD_ID,SUB_ID) VALUES(080410107024,180702);
INSERT INTO ATTENDANCE (STD_ID,SUB_ID) VALUES(080410107024,180703);
INSERT INTO ATTENDANCE (STD_ID,SUB_ID) VALUES(080410107024,180703);
INSERT INTO ATTENDANCE (STD_ID,SUB_ID) VALUES(080410107006,180701);
INSERT INTO ATTENDANCE (STD_ID,SUB_ID) VALUES(080410107006,180701);
INSERT INTO ATTENDANCE (STD_ID,SUB_ID) VALUES(080410107006,180701);
INSERT INTO ATTENDANCE (STD_ID,SUB_ID) VALUES(080410107006,180701);
INSERT INTO ATTENDANCE (STD_ID,SUB_ID) VALUES(080410107006,180701);
INSERT INTO ATTENDANCE (STD_ID,SUB_ID) VALUES(080410107006,180701);
INSERT INTO ATTENDANCE (STD_ID,SUB_ID) VALUES(080410107006,180702);
INSERT INTO ATTENDANCE (STD_ID,SUB_ID) VALUES(080410107006,180702);
INSERT INTO ATTENDANCE (STD_ID,SUB_ID) VALUES(080410107006,180702);
INSERT INTO ATTENDANCE (STD_ID,SUB_ID) VALUES(080410107006,180703);
INSERT INTO ATTENDANCE (STD_ID,SUB_ID) VALUES(080410107006,180703);
INSERT INTO ATTENDANCE (STD_ID,SUB_ID) VALUES(080410107006,180703);
INSERT INTO ATTENDANCE (STD_ID,SUB_ID) VALUES(080410107006,180703);
INSERT INTO ATTENDANCE (STD_ID,SUB_ID) VALUES(080410107001,180701);
INSERT INTO ATTENDANCE (STD_ID,SUB_ID) VALUES(080410107001,180701);
INSERT INTO ATTENDANCE (STD_ID,SUB_ID) VALUES(080410107001,180702);
INSERT INTO ATTENDANCE (STD_ID,SUB_ID) VALUES(080410107001,180702);
INSERT INTO ATTENDANCE (STD_ID,SUB_ID) VALUES(080410107001,180702);
INSERT INTO ATTENDANCE (STD_ID,SUB_ID) VALUES(080410107001,180702);
INSERT INTO ATTENDANCE (STD_ID,SUB_ID) VALUES(080410107001,180702);
INSERT INTO ATTENDANCE (STD_ID,SUB_ID) VALUES(080410107001,180703);
INSERT INTO ATTENDANCE (STD_ID,SUB_ID) VALUES(080410107001,180703);
INSERT INTO ATTENDANCE (STD_ID,SUB_ID) VALUES(080410107001,180703);
INSERT INTO ATTENDANCE (STD_ID,SUB_ID) VALUES(080410107001,180703);

commit;